"Date","Size","FullName"
"2025-12-27 18:23:58","996","C:\Users\HFRC\Desktop\IPTV_Navigator_PRO\iptv_nav\files\Manuales\V4.1_README.md"
"2025-12-27 18:23:58","1537","C:\Users\HFRC\Desktop\IPTV_Navigator_PRO\iptv_nav\files\Manuales\THIRD_PARTY_LOCKFILE.md"
"2025-12-28 00:38:54","3750","C:\Users\HFRC\Desktop\IPTV_Navigator_PRO\iptv_nav\files\Manuales\performance-budget.md"
"2025-12-28 16:52:18","263994","C:\Users\HFRC\Desktop\IPTV_Navigator_PRO\iptv_nav\files\Manuales\Implementaci?n Maestra_ Motor APE v4.5 (Zero-Freeze & Evasi?n Total).pdf"
"2025-12-28 17:12:51","1204018","C:\Users\HFRC\Desktop\IPTV_Navigator_PRO\iptv_nav\files\Manuales\Listas IPTV Din?micas y Condicionales.pdf"
"2025-12-28 17:56:24","2064391","C:\Users\HFRC\Desktop\IPTV_Navigator_PRO\iptv_nav\files\Manuales\Whitepaper_ Ecosistema APE v4.5 - La Revoluci?n de las Listas IPTV Din?micas.pdf"
"2025-12-28 19:09:10","1119818","C:\Users\HFRC\Desktop\IPTV_Navigator_PRO\iptv_nav\files\Manuales\Implementaci?n Motor APE v8.0 en Toolkit.pdf"
"2025-12-28 22:58:49","415684","C:\Users\HFRC\Desktop\IPTV_Navigator_PRO\iptv_nav\files\Manuales\Generaci?n Listas IPTV Avanzadas APE.pdf"
"2025-12-28 23:08:22","136343","C:\Users\HFRC\Desktop\IPTV_Navigator_PRO\iptv_nav\files\Manuales\APE v8.2.2 Integration Complete.md"
"2025-12-28 23:29:02","362769","C:\Users\HFRC\Desktop\IPTV_Navigator_PRO\iptv_nav\files\Manuales\Implementaci?n Maestra APE v8.7.1_ Protocol-Enforcer & UI Wiring.pdf"
"2025-12-28 23:48:47","19128","C:\Users\HFRC\Desktop\IPTV_Navigator_PRO\iptv_nav\files\Manuales\INDICE_MAESTRO_V41.md"
"2025-12-28 23:48:58","49783","C:\Users\HFRC\Desktop\IPTV_Navigator_PRO\iptv_nav\files\Manuales\ARQUITECTURA_IPTV_NAVIGATOR_V41.md"
"2025-12-28 23:49:05","31601","C:\Users\HFRC\Desktop\IPTV_Navigator_PRO\iptv_nav\files\Manuales\GUIA_IMPLEMENTACION_V41_COMPLETA.md"
"2025-12-28 23:49:21","25905","C:\Users\HFRC\Desktop\IPTV_Navigator_PRO\iptv_nav\files\Manuales\PLAN_INTEGRACION_M3U_V41.md"
"2025-12-29 00:15:53","12610","C:\Users\HFRC\Desktop\IPTV_Navigator_PRO\iptv_nav\files\Manuales\APE_v9.0_TECHNICAL_SUMMARY.md"
"2025-12-29 00:23:24","28366","C:\Users\HFRC\Desktop\IPTV_Navigator_PRO\iptv_nav\files\Manuales\APE_v9.0_INTEGRATION_PROMPT.md"
"2025-12-29 00:27:52","139469","C:\Users\HFRC\Desktop\IPTV_Navigator_PRO\iptv_nav\files\Manuales\Implementar Bot?n Generar M3U82.md"
"2025-12-29 00:29:03","23556","C:\Users\HFRC\Desktop\IPTV_Navigator_PRO\iptv_nav\files\Manuales\APE_v9.0_ULTIMATE\js\headers-matrix-v9.js"
"2025-12-29 00:29:03","12261","C:\Users\HFRC\Desktop\IPTV_Navigator_PRO\iptv_nav\files\Manuales\APE_v9.0_ULTIMATE\js\generation-validator-v9.js"
"2025-12-29 00:29:03","13023","C:\Users\HFRC\Desktop\IPTV_Navigator_PRO\iptv_nav\files\Manuales\APE_v9.0_ULTIMATE\js\ui-connector-v9.js"
"2025-12-29 00:29:03","11420","C:\Users\HFRC\Desktop\IPTV_Navigator_PRO\iptv_nav\files\Manuales\APE_v9.0_ULTIMATE\js\session-warmup-v9.js"
"2025-12-29 00:29:03","13484","C:\Users\HFRC\Desktop\IPTV_Navigator_PRO\iptv_nav\files\Manuales\APE_v9.0_ULTIMATE\INTEGRATION_GUIDE.md"
"2025-12-29 00:29:03","4722","C:\Users\HFRC\Desktop\IPTV_Navigator_PRO\iptv_nav\files\Manuales\APE_v9.0_ULTIMATE\CHANGELOG.md"
"2025-12-29 00:29:03","7896","C:\Users\HFRC\Desktop\IPTV_Navigator_PRO\iptv_nav\files\Manuales\APE_v9.0_ULTIMATE\README.md"
"2025-12-29 00:29:03","26038","C:\Users\HFRC\Desktop\IPTV_Navigator_PRO\iptv_nav\files\Manuales\APE_v9.0_ULTIMATE\js\ape-engine-v9.js"
"2025-12-29 01:01:27","75303","C:\Users\HFRC\Desktop\IPTV_Navigator_PRO\iptv_nav\files\Manuales\Contexto y cumplimiento.txt"
"2025-12-30 04:20:37","807773","C:\Users\HFRC\Desktop\IPTV_Navigator_PRO\iptv_nav\files\Manuales\generated_image.png"
"2025-12-30 04:20:37","13571","C:\Users\HFRC\Desktop\IPTV_Navigator_PRO\iptv_nav\files\Manuales\RESUMEN-EJECUTIVO.js"
"2025-12-30 04:20:37","1143401","C:\Users\HFRC\Desktop\IPTV_Navigator_PRO\iptv_nav\files\Manuales\generated_image_1.png"
"2025-12-30 04:24:31","21673","C:\Users\HFRC\Desktop\IPTV_Navigator_PRO\iptv_nav\files\Manuales\Implementacion APE v9.0 ULTIMATE.txt"
"2025-12-30 04:50:50","1267039","C:\Users\HFRC\Desktop\IPTV_Navigator_PRO\iptv_nav\files\Manuales\necesito el codigo de los 11 archivos escrito line.pdf"
"2025-12-30 04:51:14","363371","C:\Users\HFRC\Desktop\IPTV_Navigator_PRO\iptv_nav\files\Manuales\si.pdf"
"2025-12-30 04:52:04","643560","C:\Users\HFRC\Desktop\IPTV_Navigator_PRO\iptv_nav\files\Manuales\si (1).pdf"
"2025-12-30 04:52:50","593361","C:\Users\HFRC\Desktop\IPTV_Navigator_PRO\iptv_nav\files\Manuales\si (2).pdf"
"2025-12-30 04:59:16","510329","C:\Users\HFRC\Desktop\IPTV_Navigator_PRO\iptv_nav\files\Manuales\Dame un prompt con 5% de uniquess para implementar.pdf"
"2025-12-30 05:33:42","1022852","C:\Users\HFRC\Desktop\IPTV_Navigator_PRO\iptv_nav\files\Manuales\generated-image (1).png"
"2025-12-30 06:11:31","14034","C:\Users\HFRC\Desktop\IPTV_Navigator_PRO\iptv_nav\files\Manuales\APE-v9.0-PAQUETE-COMPLETO.md"
"2025-12-30 06:11:37","4567","C:\Users\HFRC\Desktop\IPTV_Navigator_PRO\iptv_nav\files\Manuales\INDICE-ARCHIVOS.md"
"2025-12-30 06:26:00","2728","C:\Users\HFRC\Desktop\IPTV_Navigator_PRO\iptv_nav\files\Manuales\PROMPT-1-UNIQUENESS-M3U8.md"
"2025-12-30 06:30:29","31470","C:\Users\HFRC\Desktop\IPTV_Navigator_PRO\iptv_nav\files\Manuales\APE-v9.0-IMPLEMENTACION-COMPLETA.md"
"2025-12-30 06:47:23","12363","C:\Users\HFRC\Desktop\IPTV_Navigator_PRO\iptv_nav\files\Manuales\SOLUCION-NOMBRES-CANALES-M3U8.md"
"2025-12-30 06:49:30","8747","C:\Users\HFRC\Desktop\IPTV_Navigator_PRO\iptv_nav\files\Manuales\DESCARGAS-RESUMEN-FINAL.md"
"2025-12-30 06:49:30","16200","C:\Users\HFRC\Desktop\IPTV_Navigator_PRO\iptv_nav\files\Manuales\PROMPT-1%-UNIQUENESS-M3U8.md"
"2025-12-30 06:49:30","9853","C:\Users\HFRC\Desktop\IPTV_Navigator_PRO\iptv_nav\files\Manuales\GUIA-PROMPT-1%-UNIQUENESS.md"
"2025-12-30 08:29:13","14078","C:\Users\HFRC\Desktop\IPTV_Navigator_PRO\iptv_nav\files\Manuales\README-TECHNICAL.md"
"2025-12-30 08:29:13","8703","C:\Users\HFRC\Desktop\IPTV_Navigator_PRO\iptv_nav\files\Manuales\parse-ape-v9.js"
"2025-12-30 08:29:13","2422","C:\Users\HFRC\Desktop\IPTV_Navigator_PRO\iptv_nav\files\Manuales\evolution.yml"
"2025-12-30 08:29:13","17585","C:\Users\HFRC\Desktop\IPTV_Navigator_PRO\iptv_nav\files\Manuales\run-evolution.sh"
"2025-12-30 08:29:13","8723","C:\Users\HFRC\Desktop\IPTV_Navigator_PRO\iptv_nav\files\Manuales\generate-m3u-final.js"
"2025-12-30 08:29:13","6471","C:\Users\HFRC\Desktop\IPTV_Navigator_PRO\iptv_nav\files\Manuales\validate-m3u.js"
"2025-12-30 08:29:13","920","C:\Users\HFRC\Desktop\IPTV_Navigator_PRO\iptv_nav\files\Manuales\package.json"
"2025-12-30 08:29:13","1778","C:\Users\HFRC\Desktop\IPTV_Navigator_PRO\iptv_nav\files\Manuales\apesheet.csv"
"2025-12-30 08:31:00","661810","C:\Users\HFRC\Desktop\IPTV_Navigator_PRO\iptv_nav\files\Manuales\?? __AN?LISIS_ QU? CAMBIA Y QU? SE MANTIENE__.pdf"
"2025-12-30 08:32:18","764647","C:\Users\HFRC\Desktop\IPTV_Navigator_PRO\iptv_nav\files\Manuales\?? __DETALLES EXHAUSTIVOS_ TODO LO QUE SE TRANSFIER.pdf"
"2025-12-30 08:37:12","27595","C:\Users\HFRC\Desktop\IPTV_Navigator_PRO\iptv_nav\files\Manuales\PROMPT-1-UNIQUENESS.md"
"2025-12-30 08:56:58","10806","C:\Users\HFRC\Desktop\IPTV_Navigator_PRO\iptv_nav\files\Manuales\PROMPT-1-UNIQUENESS-FINAL.md"
"2025-12-30 10:03:40","24307","C:\Users\HFRC\Desktop\IPTV_Navigator_PRO\iptv_nav\files\Manuales\CHECKLIST-AUDITORIA-EXHAUSTIVA.md"
"2025-12-30 10:03:40","808822","C:\Users\HFRC\Desktop\IPTV_Navigator_PRO\iptv_nav\files\Manuales\generated_image (2).png"
"2025-12-30 10:24:45","9951","C:\Users\HFRC\Desktop\IPTV_Navigator_PRO\iptv_nav\files\Manuales\APE-PARSER-REAL-FIX.js"
"2025-12-30 11:33:22","5221","C:\Users\HFRC\Desktop\IPTV_Navigator_PRO\iptv_nav\files\Manuales\README-APE-v3.1.md"
"2025-12-30 11:41:37","550","C:\Users\HFRC\Desktop\IPTV_Navigator_PRO\iptv_nav\files\Manuales\test.m3u"
"2025-12-30 11:58:01","733680","C:\Users\HFRC\Desktop\IPTV_Navigator_PRO\iptv_nav\files\Manuales\CANVAS_OUTPUT_TYPE (1).md"
"2025-12-30 12:04:02","437939","C:\Users\HFRC\Desktop\IPTV_Navigator_PRO\iptv_nav\files\Manuales\APE v3.1 Enhanced Integration.md"
"2025-12-30 12:13:17","13727","C:\Users\HFRC\Desktop\IPTV_Navigator_PRO\iptv_nav\files\Manuales\ANALYZER-REAL-QUALITY.js"
"2025-12-30 12:13:31","8010","C:\Users\HFRC\Desktop\IPTV_Navigator_PRO\iptv_nav\files\Manuales\M3U-FINAL-GENERATOR-PROXY.js"
"2025-12-30 12:15:13","475753","C:\Users\HFRC\Desktop\IPTV_Navigator_PRO\iptv_nav\files\Manuales\APE v3.1 Enhanced Integration2.md"
"2025-12-30 12:20:49","9400","C:\Users\HFRC\Desktop\IPTV_Navigator_PRO\iptv_nav\files\Manuales\MANIFEST-GENERATOR-v9.0.js"
"2025-12-30 12:23:14","9228","C:\Users\HFRC\Desktop\IPTV_Navigator_PRO\iptv_nav\files\Manuales\ORCHESTRATOR-REAL-COMPLETE.js"
"2025-12-30 12:27:01","9773","C:\Users\HFRC\Desktop\IPTV_Navigator_PRO\iptv_nav\files\Manuales\manifest-generator-v9.js"
"2025-12-30 12:44:18","16437","C:\Users\HFRC\Desktop\IPTV_Navigator_PRO\iptv_nav\files\Manuales\MANIFEST-GENERATOR-v9.1-ENTERPRISE.js"
"2025-12-31 03:18:17","57443","C:\Users\HFRC\Desktop\IPTV_Navigator_PRO\iptv_nav\files\Manuales\ANALISIS_TOOLKIT_COMPLETO.md"
"2025-12-31 03:19:04","11720","C:\Users\HFRC\Desktop\IPTV_Navigator_PRO\iptv_nav\files\Manuales\RESUMEN_EJECUTIVO.md"
"2025-12-31 03:25:04","28275","C:\Users\HFRC\Desktop\IPTV_Navigator_PRO\iptv_nav\files\Manuales\ANALISIS_INDEX_V4_HTML.md"
"2025-12-31 03:29:23","45365","C:\Users\HFRC\Desktop\IPTV_Navigator_PRO\iptv_nav\files\Manuales\PLAN-MAESTRO-IPTV-INTELIGENTE.md"
"2025-12-31 03:31:02","57443","C:\Users\HFRC\Desktop\IPTV_Navigator_PRO\iptv_nav\files\Manuales\ANALISIS_TOOLKIT_COMPLETO (1).md"
"2025-12-31 03:31:11","28275","C:\Users\HFRC\Desktop\IPTV_Navigator_PRO\iptv_nav\files\Manuales\ANALISIS_INDEX_V4_HTML (1).md"
"2025-12-31 03:31:20","17491","C:\Users\HFRC\Desktop\IPTV_Navigator_PRO\iptv_nav\files\Manuales\GUIA_PASO_A_PASO_CORRECCION.md"
"2025-12-31 03:31:28","11720","C:\Users\HFRC\Desktop\IPTV_Navigator_PRO\iptv_nav\files\Manuales\RESUMEN_EJECUTIVO (1).md"
"2025-12-31 03:31:35","11698","C:\Users\HFRC\Desktop\IPTV_Navigator_PRO\iptv_nav\files\Manuales\RESUMEN_FINAL_CORRECCION.md"
"2025-12-31 03:46:29","274658","C:\Users\HFRC\Desktop\IPTV_Navigator_PRO\iptv_nav\files\Manuales\Soluci?n IPTV_ An?lisis y Optimizaci?n.pdf"
"2025-12-31 03:49:09","26177","C:\Users\HFRC\Desktop\IPTV_Navigator_PRO\iptv_nav\files\Manuales\GUIA_VISUAL_IMPLEMENTACION.md"
"2025-12-31 03:49:17","30458","C:\Users\HFRC\Desktop\IPTV_Navigator_PRO\iptv_nav\files\Manuales\IMPLEMENTACION_PLAN_MAESTRO.md"
"2025-12-31 03:49:25","24809","C:\Users\HFRC\Desktop\IPTV_Navigator_PRO\iptv_nav\files\Manuales\CHECKLIST_AUDITORIA_VALIDACION.md"
"2025-12-31 03:49:34","18065","C:\Users\HFRC\Desktop\IPTV_Navigator_PRO\iptv_nav\files\Manuales\RESUMEN_EJECUTIVO_FINAL.md"
"2025-12-31 03:49:43","57443","C:\Users\HFRC\Desktop\IPTV_Navigator_PRO\iptv_nav\files\Manuales\ANALISIS_TOOLKIT_COMPLETO (2).md"
"2025-12-31 03:49:50","28275","C:\Users\HFRC\Desktop\IPTV_Navigator_PRO\iptv_nav\files\Manuales\ANALISIS_INDEX_V4_HTML (2).md"
"2025-12-31 03:49:59","17491","C:\Users\HFRC\Desktop\IPTV_Navigator_PRO\iptv_nav\files\Manuales\GUIA_PASO_A_PASO_CORRECCION (1).md"
"2025-12-31 03:50:08","11720","C:\Users\HFRC\Desktop\IPTV_Navigator_PRO\iptv_nav\files\Manuales\RESUMEN_EJECUTIVO (2).md"
"2025-12-31 03:50:18","11698","C:\Users\HFRC\Desktop\IPTV_Navigator_PRO\iptv_nav\files\Manuales\RESUMEN_FINAL_CORRECCION (1).md"
"2025-12-31 03:50:28","16167","C:\Users\HFRC\Desktop\IPTV_Navigator_PRO\iptv_nav\files\Manuales\verify_ape_integration.js"
"2025-12-31 03:50:41","26177","C:\Users\HFRC\Desktop\IPTV_Navigator_PRO\iptv_nav\files\Manuales\GUIA_VISUAL_IMPLEMENTACION (1).md"
"2025-12-31 03:50:53","24809","C:\Users\HFRC\Desktop\IPTV_Navigator_PRO\iptv_nav\files\Manuales\CHECKLIST_AUDITORIA_VALIDACION (1).md"
"2025-12-31 03:59:35","10019","C:\Users\HFRC\Desktop\IPTV_Navigator_PRO\iptv_nav\files\Manuales\cheatsheet-auditoria-rapida.md"
"2025-12-31 03:59:35","59545","C:\Users\HFRC\Desktop\IPTV_Navigator_PRO\iptv_nav\files\Manuales\prompt-auditoria-1pct-uniqueness.md"
"2025-12-31 03:59:35","11466","C:\Users\HFRC\Desktop\IPTV_Navigator_PRO\iptv_nav\files\Manuales\resumen-ejecutivo-prompt.md"
"2025-12-31 03:59:35","16326","C:\Users\HFRC\Desktop\IPTV_Navigator_PRO\iptv_nav\files\Manuales\visual-summary-infografia.md"
"2025-12-31 03:59:35","12295","C:\Users\HFRC\Desktop\IPTV_Navigator_PRO\iptv_nav\files\Manuales\guia-ejecucion-agente-ia.md"
"2025-12-31 04:27:59","658068","C:\Users\HFRC\Desktop\IPTV_Navigator_PRO\iptv_nav\files\Manuales\Integrate APE v9.1 Modules.md"
"2025-12-31 09:05:32","17717","C:\Users\HFRC\Desktop\IPTV_Navigator_PRO\iptv_nav\files\Manuales\?? INGENIER?A REVERSA_ APE ULTIMATE v9.0.md"
"2025-12-31 11:40:45","15740564","C:\Users\HFRC\Desktop\IPTV_Navigator_PRO\iptv_nav\files\Manuales\APE_ULTIMATE_PROFILES.m3u8"
"2025-12-31 12:44:30","392236","C:\Users\HFRC\Desktop\IPTV_Navigator_PRO\iptv_nav\files\Manuales\Es una decisi?n brillante. Si integras este format.pdf"
"2025-12-31 12:55:33","16737536","C:\Users\HFRC\Desktop\IPTV_Navigator_PRO\iptv_nav\files\Manuales\APE_v11_ULTRALITE_COMPLETO_26K.m3u8"
"2025-12-31 12:55:42","15195","C:\Users\HFRC\Desktop\IPTV_Navigator_PRO\iptv_nav\files\Manuales\ape_toolkit_v11_ultralite.py"
"2025-12-31 12:55:54","2645","C:\Users\HFRC\Desktop\IPTV_Navigator_PRO\iptv_nav\files\Manuales\profiles_database.json"
"2025-12-31 12:55:59","9728","C:\Users\HFRC\Desktop\IPTV_Navigator_PRO\iptv_nav\files\Manuales\DOCUMENTACION_APE_TOOLKIT_v11_ULTRALITE.md"
"2025-12-31 12:56:07","10822","C:\Users\HFRC\Desktop\IPTV_Navigator_PRO\iptv_nav\files\Manuales\ENTREGA_FINAL_APE_TOOLKIT_v11_ULTRALITE.md"
"2025-12-31 12:57:37","10688","C:\Users\HFRC\Desktop\IPTV_Navigator_PRO\iptv_nav\files\Manuales\CAPACIDAD_HEADERS_POR_CANAL_ANALISIS.md"
"2025-12-31 12:58:58","912","C:\Users\HFRC\Desktop\IPTV_Navigator_PRO\iptv_nav\files\Manuales\Implementa JWT H?brido en el toolki.txt"
"2025-12-31 13:00:24","559233","C:\Users\HFRC\Desktop\IPTV_Navigator_PRO\iptv_nav\files\Manuales\?? LOS 10 ARCHIVOS - DESCARGA DIRECTA.pdf"
"2025-12-31 13:06:54","11897","C:\Users\HFRC\Desktop\IPTV_Navigator_PRO\iptv_nav\files\Manuales\ape_profile_parser.js"
"2025-12-31 13:07:22","13791","C:\Users\HFRC\Desktop\IPTV_Navigator_PRO\iptv_nav\files\Manuales\?? SISTEMA M3U8 CON PERFILES - DOCUMENTACI?N COMPLETA.md"
"2025-12-31 13:07:32","276041","C:\Users\HFRC\Desktop\IPTV_Navigator_PRO\iptv_nav\files\Manuales\??_SISTEMA_M3U8_CON_PERFILES_-_DOCUMENTACI?N_COMPLETA.pdf"
"2025-12-31 13:09:48","4542","C:\Users\HFRC\Desktop\IPTV_Navigator_PRO\iptv_nav\files\Manuales\generar_m3u8_simple.py"
"2025-12-31 13:30:51","25127","C:\Users\HFRC\Desktop\IPTV_Navigator_PRO\iptv_nav\files\Manuales\exported-assets (55).zip"
"2025-12-31 13:31:46","40226","C:\Users\HFRC\Desktop\IPTV_Navigator_PRO\iptv_nav\files\Manuales\WHITEPAPER_IPTV_SUPREMO_v12.md"
"2025-12-31 13:31:51","13996","C:\Users\HFRC\Desktop\IPTV_Navigator_PRO\iptv_nav\files\Manuales\CHECKLIST_SUPREMO_v12.md"
"2025-12-31 13:31:56","24781","C:\Users\HFRC\Desktop\IPTV_Navigator_PRO\iptv_nav\files\Manuales\ARQUITECTURA_TECNICA_AVANZADA_v12.md"
"2025-12-31 13:35:49","1204366","C:\Users\HFRC\Desktop\IPTV_Navigator_PRO\iptv_nav\files\Manuales\Es una decisi?n brillante. Si integras este format (1).pdf"
"2025-12-31 13:54:41","1020050","C:\Users\HFRC\Desktop\IPTV_Navigator_PRO\iptv_nav\files\Manuales\APE v12 Upgrade Plan.md"
"2025-12-31 17:38:44","190614294","C:\Users\HFRC\Desktop\IPTV_Navigator_PRO\iptv_nav\files\Manuales\Protocolo de Autologin en Enlaces M3U para IPTV (1).zip"
"2025-12-31 17:58:00","18077","C:\Users\HFRC\Desktop\IPTV_Navigator_PRO\iptv_nav\files\Manuales\iptv_channel_analyzer.py"
"2025-12-31 17:58:05","8068","C:\Users\HFRC\Desktop\IPTV_Navigator_PRO\iptv_nav\files\Manuales\?? PROMPT PARA AGENTE_ An?lisis Autom?tico de Canales IPTV.md"
"2025-12-31 17:58:14","286753","C:\Users\HFRC\Desktop\IPTV_Navigator_PRO\iptv_nav\files\Manuales\??_PROMPT_PARA_AGENTE_An?lisis_Autom?tico_de_Canales_IPTV.pdf"
"2025-12-31 17:58:24","280206","C:\Users\HFRC\Desktop\IPTV_Navigator_PRO\iptv_nav\files\Manuales\??_IPTV_CHANNEL_ANALYZER_-_DOCUMENTACI?N_COMPLETA.pdf"
"2025-12-31 17:58:34","254616","C:\Users\HFRC\Desktop\IPTV_Navigator_PRO\iptv_nav\files\Manuales\??_SISTEMA_IPTV_CHANNEL_ANALYZER_-_RESUMEN_EJECUTIVO.pdf"
"2025-12-31 17:58:39","3195","C:\Users\HFRC\Desktop\IPTV_Navigator_PRO\iptv_nav\files\Manuales\integrar_analyzer_toolkit.sh"
"2025-12-31 17:59:16","7335","C:\Users\HFRC\Desktop\IPTV_Navigator_PRO\iptv_nav\files\Manuales\?? PERFIL P0 ULTRA EXTREME - DOCUMENTACI?N COMPLETA.md"
"2025-12-31 17:59:28","151924","C:\Users\HFRC\Desktop\IPTV_Navigator_PRO\iptv_nav\files\Manuales\??_AN?LISIS_DEL_CANAL_M+_LA_LIGA_4K_UHD.pdf"
"2025-12-31 17:59:33","7689","C:\Users\HFRC\Desktop\IPTV_Navigator_PRO\iptv_nav\files\Manuales\generar_perfil_p0_ultra.py"
"2025-12-31 17:59:45","1578501","C:\Users\HFRC\Desktop\IPTV_Navigator_PRO\iptv_nav\files\Manuales\APE_ULTIMATE_WITH_P0.m3u8"
"2025-12-31 18:06:15","18523","C:\Users\HFRC\Desktop\IPTV_Navigator_PRO\iptv_nav\files\Manuales\APE_ULTIMATE_INTEGRATION_v13.0_COMPLETE_FINAL.tar.gz"
"2025-12-31 18:16:15","11625","C:\Users\HFRC\Desktop\IPTV_Navigator_PRO\iptv_nav\files\Manuales\AN?LISIS DETALLADO DEL CANAL M+ LA.txt"
"2025-12-31 21:08:36","10211","C:\Users\HFRC\Desktop\IPTV_Navigator_PRO\iptv_nav\files\Manuales\?? LISTA M3U8 APE ULTIMATE v9.0 - CONFIGURACI?N P3 BASE.md"
"2025-12-31 22:21:43","10211","C:\Users\HFRC\Desktop\IPTV_Navigator_PRO\iptv_nav\files\Manuales\?? LISTA M3U8 APE ULTIMATE v9.0 - CONFIGURACI?N P3 BASE (1).md"
"2025-12-31 22:29:34","4872514","C:\Users\HFRC\Desktop\IPTV_Navigator_PRO\iptv_nav\files\Manuales\APE v13.0 Header Fixes.md"
"2026-01-01 22:54:16","19297","C:\Users\HFRC\Desktop\IPTV_Navigator_PRO\iptv_nav\files\Manuales\APE-MATRIX-41-HEADERS.md"
"2026-01-01 23:04:16","329","C:\Users\HFRC\Desktop\IPTV_Navigator_PRO\iptv_nav\files\Manuales\Archivo-Qucontiene.csv"
"2026-01-01 23:05:31","30924","C:\Users\HFRC\Desktop\IPTV_Navigator_PRO\iptv_nav\files\Manuales\APE-HEADERS-BY-PROFILE.md"
"2026-01-01 23:07:57","18482","C:\Users\HFRC\Desktop\IPTV_Navigator_PRO\iptv_nav\files\Manuales\APE-HEADERS-MASTER-TABLE.md"
"2026-01-01 23:08:02","19297","C:\Users\HFRC\Desktop\IPTV_Navigator_PRO\iptv_nav\files\Manuales\APE-MATRIX-41-HEADERS (1).md"
"2026-01-02 01:13:24","248750","C:\Users\HFRC\Desktop\IPTV_Navigator_PRO\iptv_nav\files\Manuales\??_ARQUITECTURA_FAILOVER_FAILBACK_DIN?MICO_EN_M3U8.pdf"
"2026-01-02 01:13:33","17740","C:\Users\HFRC\Desktop\IPTV_Navigator_PRO\iptv_nav\files\Manuales\?? ARQUITECTURA FAILOVER_FAILBACK DIN?MICO EN M3U8.md"
"2026-01-02 01:15:51","22796","C:\Users\HFRC\Desktop\IPTV_Navigator_PRO\iptv_nav\files\Manuales\ape_server_serverside.py"
"2026-01-02 01:16:01","13093","C:\Users\HFRC\Desktop\IPTV_Navigator_PRO\iptv_nav\files\Manuales\?? SERVIDOR APE v9.0 - FAILOVER_FAILBACK SERVER-SIDE.md"
"2026-01-02 01:16:03","255126","C:\Users\HFRC\Desktop\IPTV_Navigator_PRO\iptv_nav\files\Manuales\??_SERVIDOR_APE_v9.0_-_FAILOVER_FAILBACK_SERVER-SIDE.pdf"
"2026-01-02 01:38:07","248750","C:\Users\HFRC\Desktop\IPTV_Navigator_PRO\iptv_nav\files\Manuales\??_ARQUITECTURA_FAILOVER_FAILBACK_DIN?MICO_EN_M3U8 (1).pdf"
"2026-01-02 01:40:49","7350202","C:\Users\HFRC\Desktop\IPTV_Navigator_PRO\iptv_nav\files\Manuales\APE_ULTIMATE_v9.0_WITH_APE_SERVER.m3u8"
"2026-01-02 01:40:54","9667","C:\Users\HFRC\Desktop\IPTV_Navigator_PRO\iptv_nav\files\Manuales\generar_m3u8_ape_server.py"
"2026-01-02 01:41:05","294589","C:\Users\HFRC\Desktop\IPTV_Navigator_PRO\iptv_nav\files\Manuales\??_GU?A_DE_CONFIGURACI?N_-_M3U8_CON_SERVIDOR_APE.pdf"
"2026-01-02 01:41:11","22796","C:\Users\HFRC\Desktop\IPTV_Navigator_PRO\iptv_nav\files\Manuales\ape_server_serverside (1).py"
"2026-01-02 01:41:17","13505","C:\Users\HFRC\Desktop\IPTV_Navigator_PRO\iptv_nav\files\Manuales\install_ape_server.sh"
"2026-01-02 01:41:45","73","C:\Users\HFRC\Desktop\IPTV_Navigator_PRO\iptv_nav\files\Manuales\requirements.txt"
"2026-01-02 01:41:51","22796","C:\Users\HFRC\Desktop\IPTV_Navigator_PRO\iptv_nav\files\Manuales\ape_server_serverside (2).py"
"2026-01-02 01:42:09","255126","C:\Users\HFRC\Desktop\IPTV_Navigator_PRO\iptv_nav\files\Manuales\??_SERVIDOR_APE_v9.0_-_FAILOVER_FAILBACK_SERVER-SIDE (1).pdf"
"2026-01-02 01:42:21","303047","C:\Users\HFRC\Desktop\IPTV_Navigator_PRO\iptv_nav\files\Manuales\??_APE_SERVER_v9.0_-_INSTALACI?N_Y_USO.pdf"
"2026-01-02 01:49:00","252759","C:\Users\HFRC\Desktop\IPTV_Navigator_PRO\iptv_nav\files\Manuales\??_ALTERNATIVAS_GRATUITAS_PARA_EJECUTAR_SERVIDOR_APE.pdf"
"2026-01-02 01:49:14","12002","C:\Users\HFRC\Desktop\IPTV_Navigator_PRO\iptv_nav\files\Manuales\install_ape_termux.sh"
"2026-01-02 02:03:50","12002","C:\Users\HFRC\Desktop\IPTV_Navigator_PRO\iptv_nav\files\Manuales\install_ape_termux (1).sh"
"2026-01-02 02:04:00","8606","C:\Users\HFRC\Desktop\IPTV_Navigator_PRO\iptv_nav\files\Manuales\?? ALTERNATIVAS GRATUITAS PARA EJECUTAR SERVIDOR APE.md"
"2026-01-02 02:06:07","10430","C:\Users\HFRC\Desktop\IPTV_Navigator_PRO\iptv_nav\files\Manuales\APE_EMBEDDED_SYSTEM_FINAL.md"
"2026-01-02 02:07:58","14125","C:\Users\HFRC\Desktop\IPTV_Navigator_PRO\iptv_nav\files\Manuales\SOLUCION_PRAGMATICA_FINAL.md"
"2026-01-02 02:08:06","10602","C:\Users\HFRC\Desktop\IPTV_Navigator_PRO\iptv_nav\files\Manuales\RESUMEN_EJECUTIVO (5).md"
"2026-01-02 02:08:12","11843","C:\Users\HFRC\Desktop\IPTV_Navigator_PRO\iptv_nav\files\Manuales\GUIA_INTEGRACION.md"
"2026-01-02 02:19:03","4608665","C:\Users\HFRC\Desktop\IPTV_Navigator_PRO\iptv_nav\files\Manuales\Objetivo_ generar la mejor lista IPTV reproducible.pdf"
"2026-01-02 02:26:22","1987815","C:\Users\HFRC\Desktop\IPTV_Navigator_PRO\iptv_nav\files\Manuales\failover inmediato si hay ca?da, explciame bien qu.pdf"
"2026-01-02 02:31:05","656676","C:\Users\HFRC\Desktop\IPTV_Navigator_PRO\iptv_nav\files\Manuales\exported-assets (56).zip"
"2026-01-02 02:37:36","1178857","C:\Users\HFRC\Desktop\IPTV_Navigator_PRO\iptv_nav\files\Manuales\generated-image (4).png"
"2026-01-02 02:37:42","20664","C:\Users\HFRC\Desktop\IPTV_Navigator_PRO\iptv_nav\files\Manuales\test_ape_system.py"
"2026-01-02 02:37:47","9499","C:\Users\HFRC\Desktop\IPTV_Navigator_PRO\iptv_nav\files\Manuales\ENTREGA_FINAL_APE_v14.md"
"2026-01-02 02:38:02","5996033","C:\Users\HFRC\Desktop\IPTV_Navigator_PRO\iptv_nav\files\Manuales\Objetivo_ generar la mejor lista IPTV reproducible (1).pdf"
"2026-01-02 02:38:15","1149647","C:\Users\HFRC\Desktop\IPTV_Navigator_PRO\iptv_nav\files\Manuales\generated-image (5).png"
"2026-01-02 02:38:28","1075137","C:\Users\HFRC\Desktop\IPTV_Navigator_PRO\iptv_nav\files\Manuales\generated-image (6).png"
"2026-01-02 02:38:35","944753","C:\Users\HFRC\Desktop\IPTV_Navigator_PRO\iptv_nav\files\Manuales\generated-image (7).png"
"2026-01-02 02:38:52","2817824","C:\Users\HFRC\Desktop\IPTV_Navigator_PRO\iptv_nav\files\Manuales\failover inmediato si hay ca?da, explciame bien qu (1).pdf"
"2026-01-02 02:51:00","8873","C:\Users\HFRC\Desktop\IPTV_Navigator_PRO\iptv_nav\files\Manuales\RESUMEN_ENTREGA.txt"
"2026-01-02 02:51:04","8221","C:\Users\HFRC\Desktop\IPTV_Navigator_PRO\iptv_nav\files\Manuales\README_ENTREGA_APE_v14.md"
"2026-01-02 02:51:28","8873","C:\Users\HFRC\Desktop\IPTV_Navigator_PRO\iptv_nav\files\Manuales\RESUMEN_ENTREGA (1).txt"
"2026-01-02 02:54:00","7472","C:\Users\HFRC\Desktop\IPTV_Navigator_PRO\iptv_nav\files\Manuales\README_ENTREGA_APE_v14.txt"
"2026-01-02 02:55:02","23533","C:\Users\HFRC\Desktop\IPTV_Navigator_PRO\iptv_nav\files\Manuales\ape_server_v14_unified.py"
"2026-01-02 02:55:17","22976","C:\Users\HFRC\Desktop\IPTV_Navigator_PRO\iptv_nav\files\Manuales\profile_processor_v14.py"
"2026-01-02 02:55:29","9689","C:\Users\HFRC\Desktop\IPTV_Navigator_PRO\iptv_nav\files\Manuales\ape_profiles_v14.json"
"2026-01-02 02:55:42","20955","C:\Users\HFRC\Desktop\IPTV_Navigator_PRO\iptv_nav\files\Manuales\install_ape_v14_complete.sh"
"2026-01-02 02:56:00","25346","C:\Users\HFRC\Desktop\IPTV_Navigator_PRO\iptv_nav\files\Manuales\test_ape_system_http.py"
"2026-01-02 02:56:23","9329","C:\Users\HFRC\Desktop\IPTV_Navigator_PRO\iptv_nav\files\Manuales\ENTREGA_FINAL_APE_v14_COMPLETO.md"
"2026-01-02 02:56:39","18972","C:\Users\HFRC\Desktop\IPTV_Navigator_PRO\iptv_nav\files\Manuales\TROUBLESHOOTING_GUIDE_v14.md"
"2026-01-02 02:56:45","8221","C:\Users\HFRC\Desktop\IPTV_Navigator_PRO\iptv_nav\files\Manuales\README_ENTREGA_APE_v14 (1).md"
"2026-01-02 02:57:05","8873","C:\Users\HFRC\Desktop\IPTV_Navigator_PRO\iptv_nav\files\Manuales\RESUMEN_ENTREGA (2).txt"
"2026-01-02 02:57:20","31506","C:\Users\HFRC\Desktop\IPTV_Navigator_PRO\iptv_nav\files\Manuales\APE_v14_SUPREME_COMPLETE.tar.gz"
"2026-01-02 02:57:39","36559","C:\Users\HFRC\Desktop\IPTV_Navigator_PRO\iptv_nav\files\Manuales\APE_v14_SUPREME_COMPLETE.zip"
"2026-01-02 02:57:53","31506","C:\Users\HFRC\Desktop\IPTV_Navigator_PRO\iptv_nav\files\Manuales\APE_v14_SUPREME_COMPLETE (1).tar.gz"
"2026-01-02 02:59:23","8457","C:\Users\HFRC\Desktop\IPTV_Navigator_PRO\iptv_nav\files\Manuales\ENTREGA_FINAL_APE_v14_COMPLETO.txt"
"2026-01-02 02:59:56","18208","C:\Users\HFRC\Desktop\IPTV_Navigator_PRO\iptv_nav\files\Manuales\TROUBLESHOOTING_GUIDE_v14.txt"
"2026-01-02 03:00:22","7472","C:\Users\HFRC\Desktop\IPTV_Navigator_PRO\iptv_nav\files\Manuales\README_ENTREGA_APE_v14 (1).txt"
"2026-01-02 03:01:23","7673","C:\Users\HFRC\Desktop\IPTV_Navigator_PRO\iptv_nav\files\Manuales\?? ALTERNATIVAS GRATUITAS PARA EJECUTAR SERVIDOR APE.txt"
"2026-01-02 03:01:49","9890","C:\Users\HFRC\Desktop\IPTV_Navigator_PRO\iptv_nav\files\Manuales\APE_EMBEDDED_SYSTEM_FINAL.txt"
"2026-01-02 03:02:13","13874","C:\Users\HFRC\Desktop\IPTV_Navigator_PRO\iptv_nav\files\Manuales\SOLUCION_PRAGMATICA_FINAL.txt"
"2026-01-02 03:02:35","10296","C:\Users\HFRC\Desktop\IPTV_Navigator_PRO\iptv_nav\files\Manuales\RESUMEN_EJECUTIVO (5).txt"
"2026-01-02 03:02:54","11692","C:\Users\HFRC\Desktop\IPTV_Navigator_PRO\iptv_nav\files\Manuales\GUIA_INTEGRACION.txt"
"2026-01-02 03:03:38","9689","C:\Users\HFRC\Desktop\IPTV_Navigator_PRO\iptv_nav\files\Manuales\ape_profiles_v14w.json"
"2026-01-02 03:04:03","20955","C:\Users\HFRC\Desktop\IPTV_Navigator_PRO\iptv_nav\files\Manuales\install_ape_v14_complete1.sh"
"2026-01-02 03:15:17","60333","C:\Users\HFRC\Desktop\IPTV_Navigator_PRO\iptv_nav\files\Manuales\APE_v14_SUPREME_INFORMACION_COMPLETA.txt"
"2026-01-02 03:26:43","25496","C:\Users\HFRC\Desktop\IPTV_Navigator_PRO\iptv_nav\files\Manuales\APE_v14_ANALISIS_CRITICO.md"
"2026-01-02 03:27:44","25496","C:\Users\HFRC\Desktop\IPTV_Navigator_PRO\iptv_nav\files\Manuales\APE_v14_ANALISIS_CRITICO (1).md"
"2026-01-02 03:30:32","7803","C:\Users\HFRC\Desktop\IPTV_Navigator_PRO\iptv_nav\files\Manuales\exported-assets (57).zip"
"2026-01-02 03:30:52","29477","C:\Users\HFRC\Desktop\IPTV_Navigator_PRO\iptv_nav\files\Manuales\exported-assets (58).zip"
"2026-01-02 03:38:30","45887","C:\Users\HFRC\Desktop\IPTV_Navigator_PRO\iptv_nav\files\Manuales\APE_Technical_Whitepaper_v1.0.md"
"2026-01-02 03:38:50","420914","C:\Users\HFRC\Desktop\IPTV_Navigator_PRO\iptv_nav\files\Manuales\realiza un Whitepaper tecnico con 1% de uniquess p.pdf"
"2026-01-02 04:26:51","5022588","C:\Users\HFRC\Desktop\IPTV_Navigator_PRO\iptv_nav\files\Manuales\Implementing APE v15.0 ULTIMATE.md"
"2026-01-02 04:36:44","32395","C:\Users\HFRC\Desktop\IPTV_Navigator_PRO\iptv_nav\files\Manuales\APE_v15_FUSION_COMPLETE.md"
"2026-01-02 04:36:50","97368","C:\Users\HFRC\Desktop\IPTV_Navigator_PRO\iptv_nav\files\Manuales\APE_v15_IMPLEMENTATION_PROMPT (1).md"
"2026-01-02 04:36:57","13765","C:\Users\HFRC\Desktop\IPTV_Navigator_PRO\iptv_nav\files\Manuales\APE_v15_QUICK_GUIDE.md"
"2026-01-02 04:37:03","19982","C:\Users\HFRC\Desktop\IPTV_Navigator_PRO\iptv_nav\files\Manuales\APE_v15_RESUMEN_EJECUTIVO.txt"
"2026-01-02 04:41:09","212792","C:\Users\HFRC\Desktop\IPTV_Navigator_PRO\iptv_nav\files\Manuales\Implementing APE v15  Bible.md"
"2026-01-03 01:04:47","223159","C:\Users\HFRC\Desktop\IPTV_Navigator_PRO\iptv_nav\files\Manuales\Implementing APE v15 Backend2.md"
"2026-01-03 03:20:39","17864","C:\Users\HFRC\Desktop\IPTV_Navigator_PRO\iptv_nav\files\Manuales\Verify APE v15 Backend.md"
"2026-01-03 03:20:52","20255","C:\Users\HFRC\Desktop\IPTV_Navigator_PRO\iptv_nav\files\Manuales\Planning APE v15 Implementation.md"
"2026-01-03 03:21:27","223159","C:\Users\HFRC\Desktop\IPTV_Navigator_PRO\iptv_nav\files\Manuales\Implementing APE v15 Backend3.md"
"2026-01-03 03:37:24","97063682","C:\Users\HFRC\Desktop\IPTV_Navigator_PRO\iptv_nav\files\Manuales\APE_ULTIMATE_v9.0_20260103.m3u8"
"2026-01-03 06:46:32","704277","C:\Users\HFRC\Desktop\IPTV_Navigator_PRO\iptv_nav\files\Manuales\New.txt"
"2026-01-03 06:54:27","4393386","C:\Users\HFRC\Desktop\IPTV_Navigator_PRO\iptv_nav\files\Manuales\failover inmediato si hay ca?da, explciame bien qu (2).pdf"
"2026-01-03 06:54:52","15958","C:\Users\HFRC\Desktop\IPTV_Navigator_PRO\iptv_nav\files\Manuales\exported-assets (59).zip"
"2026-01-03 06:55:34","27653","C:\Users\HFRC\Desktop\IPTV_Navigator_PRO\iptv_nav\files\Manuales\ape_jwt_enriched_architecture.py"
"2026-01-03 06:55:37","17830","C:\Users\HFRC\Desktop\IPTV_Navigator_PRO\iptv_nav\files\Manuales\APE_JWT_ENRICHED_VISUAL_GUIDE.md"
"2026-01-03 06:55:42","19283","C:\Users\HFRC\Desktop\IPTV_Navigator_PRO\iptv_nav\files\Manuales\ape_quick_integration.py"
"2026-01-03 06:56:02","27423","C:\Users\HFRC\Desktop\IPTV_Navigator_PRO\iptv_nav\files\Manuales\decision_engine_hysteresis.py"
"2026-01-03 06:56:08","20121","C:\Users\HFRC\Desktop\IPTV_Navigator_PRO\iptv_nav\files\Manuales\apeserverv15_integrated.py"
"2026-01-03 06:56:15","18634","C:\Users\HFRC\Desktop\IPTV_Navigator_PRO\iptv_nav\files\Manuales\APE_v15_COMPLETE_ARCHITECTURE.md"
"2026-01-03 06:56:28","17927","C:\Users\HFRC\Desktop\IPTV_Navigator_PRO\iptv_nav\files\Manuales\devicemetrics_STREAMING.py"
"2026-01-03 06:56:34","10319","C:\Users\HFRC\Desktop\IPTV_Navigator_PRO\iptv_nav\files\Manuales\STREAMING_METRICS_ARCHITECTURE.md"
"2026-01-03 06:56:48","266245","C:\Users\HFRC\Desktop\IPTV_Navigator_PRO\iptv_nav\files\Manuales\ape_architecture.png"
"2026-01-03 06:56:58","39707","C:\Users\HFRC\Desktop\IPTV_Navigator_PRO\iptv_nav\files\Manuales\index-v4-APE-PROFESSIONAL.html"
"2026-01-03 06:57:02","15404","C:\Users\HFRC\Desktop\IPTV_Navigator_PRO\iptv_nav\files\Manuales\APE_v15_INTEGRATION_GUIDE.md"
"2026-01-03 13:40:00","97063682","C:\Users\HFRC\Desktop\IPTV_Navigator_PRO\iptv_nav\files\Manuales\APE_ULTIMATE_v9.0_20260103 (1).m3u8"
"2026-01-03 13:51:27","15918","C:\Users\HFRC\Desktop\IPTV_Navigator_PRO\iptv_nav\files\Manuales\exported-assets (60).zip"
"2026-01-03 13:52:10","27009","C:\Users\HFRC\Desktop\IPTV_Navigator_PRO\iptv_nav\files\Manuales\ape_stealth_guardian_military.py"
"2026-01-03 13:52:15","7817","C:\Users\HFRC\Desktop\IPTV_Navigator_PRO\iptv_nav\files\Manuales\ape_stealth_m3u8_generator.py"
"2026-01-03 13:52:21","15972","C:\Users\HFRC\Desktop\IPTV_Navigator_PRO\iptv_nav\files\Manuales\APE_STEALTH_COMPLETE_GUIDE.md"
"2026-01-03 14:01:54","11358","C:\Users\HFRC\Desktop\IPTV_Navigator_PRO\iptv_nav\files\Manuales\APE_TOP_20_RECURSOS_STEALTH.md"
"2026-01-03 14:48:20","41641","C:\Users\HFRC\Desktop\IPTV_Navigator_PRO\iptv_nav\files\Manuales\APE_v15_ULTIMATE_FINAL_DELIVERY.tar.gz"
"2026-01-03 15:27:08","277842","C:\Users\HFRC\Desktop\IPTV_Navigator_PRO\iptv_nav\files\Manuales\?? AN?LISIS T?CNICO DEL CANAL 4K + - APLICACION DEL BUFFER AGRESIVO.txt"
"2026-01-03 15:39:50","45341","C:\Users\HFRC\Desktop\IPTV_Navigator_PRO\iptv_nav\files\Manuales\APE_v15_ADJUSTED_FINAL_PACKAGE.tar.gz"
"2026-01-03 15:40:19","14349","C:\Users\HFRC\Desktop\IPTV_Navigator_PRO\iptv_nav\files\Manuales\APE_v15_BUFFER_ADJUSTMENT_REPORT.md"
"2026-01-03 15:40:32","14827","C:\Users\HFRC\Desktop\IPTV_Navigator_PRO\iptv_nav\files\Manuales\RESUMEN_ENTREGA_FINAL_ADJUSTED.md"
"2026-01-03 15:40:45","33578","C:\Users\HFRC\Desktop\IPTV_Navigator_PRO\iptv_nav\files\Manuales\APE_v15_WHITEPAPER_ULTIMATE.md"
"2026-01-03 15:40:57","25442","C:\Users\HFRC\Desktop\IPTV_Navigator_PRO\iptv_nav\files\Manuales\APE_v15_INTEGRATION_GUIDE (1).md"
"2026-01-03 15:41:10","16378","C:\Users\HFRC\Desktop\IPTV_Navigator_PRO\iptv_nav\files\Manuales\APE_v15_ULTIMATE_COMPATIBILITY_AND_MIGRATION.md"
"2026-01-03 15:41:24","14086","C:\Users\HFRC\Desktop\IPTV_Navigator_PRO\iptv_nav\files\Manuales\ape_profiles_v15_ADJUSTED.json"
"2026-01-03 15:41:37","11587","C:\Users\HFRC\Desktop\IPTV_Navigator_PRO\iptv_nav\files\Manuales\ape_v15_ultimate_m3u8_generator_ADJUSTED.py"
"2026-01-03 15:41:50","8015","C:\Users\HFRC\Desktop\IPTV_Navigator_PRO\iptv_nav\files\Manuales\APE_v15_ADJUSTED_LIVE.m3u8"
"2026-01-03 15:44:21","45341","C:\Users\HFRC\Desktop\IPTV_Navigator_PRO\iptv_nav\files\Manuales\APE_v15_ADJUSTED_FINAL_PACKAGE (1).tar.gz"
"2026-01-03 16:07:37","45341","C:\Users\HFRC\Desktop\IPTV_Navigator_PRO\iptv_nav\files\Manuales\APE_v15_ADJUSTED_FINAL_PACKAGE (2).tar.gz"
"2026-01-03 16:14:53","117183","C:\Users\HFRC\Desktop\IPTV_Navigator_PRO\iptv_nav\files\Manuales\M?tricas y Telemetr?a Predictiva del Sistema APE.pdf"
"2026-01-03 16:15:37","194710","C:\Users\HFRC\Desktop\IPTV_Navigator_PRO\iptv_nav\files\Manuales\Estrategias Integradas para la Optimizaci?n del Rendimiento en Sistemas de Red Modernos_ Un An?lisis T?cnico.pdf"
"2026-01-03 16:23:21","184724","C:\Users\HFRC\Desktop\IPTV_Navigator_PRO\iptv_nav\files\Manuales\Whitepaper T?cnico_ Arquitectura y L?gica Operacional del Sistema APE v15.pdf"
"2026-01-03 17:29:14","142982","C:\Users\HFRC\Desktop\IPTV_Navigator_PRO\iptv_nav\files\Manuales\NotebookLM Mind Map (3).png"
"2026-01-03 17:29:58","1694451","C:\Users\HFRC\Desktop\IPTV_Navigator_PRO\iptv_nav\files\Manuales\NotebookLM Mind Map (4).png"
"2026-01-03 17:45:00","10127","C:\Users\HFRC\Desktop\IPTV_Navigator_PRO\iptv_nav\files\Manuales\RESUMEN_FINAL_ENTREGA.md"
"2026-01-03 17:46:07","33982","C:\Users\HFRC\Desktop\IPTV_Navigator_PRO\iptv_nav\files\Manuales\MEGAPROMPT_APE_v15_1percent.md"
"2026-01-03 19:01:51","18276","C:\Users\HFRC\Desktop\IPTV_Navigator_PRO\iptv_nav\files\Manuales\index_maestro.csv"
"2026-01-03 19:41:38","215217","C:\Users\HFRC\Desktop\IPTV_Navigator_PRO\iptv_nav\files\Manuales\Analyzing APE v15 Implementation22.md"
"2026-01-03 20:37:37","97063682","C:\Users\HFRC\Desktop\IPTV_Navigator_PRO\iptv_nav\files\Manuales\APE_ULTIMATE_v9.0_20260104.m3u8"
"2026-01-04 13:49:50","112854","C:\Users\HFRC\Desktop\IPTV_Navigator_PRO\iptv_nav\files\Manuales\Integrate APE v15 Frontend2.md"
"2026-01-04 17:51:28","19297","C:\Users\HFRC\Desktop\IPTV_Navigator_PRO\iptv_nav\files\Manuales\APE-MATRIX-41-HEADERS (2).md"
"2026-01-04 20:56:44","56019","C:\Users\HFRC\Desktop\IPTV_Navigator_PRO\iptv_nav\files\Manuales\?? WHITEPAPER T?CNICO EMPRESARIAL APE v13.1.txt"
"2026-01-05 02:23:20","28481","C:\Users\HFRC\Desktop\IPTV_Navigator_PRO\iptv_nav\files\Manuales\An?lisis Comparativo Headers, Manifiesto y Perfiles APE v13.1.0.docx"
"2026-01-05 20:15:35","428147","C:\Users\HFRC\Desktop\IPTV_Navigator_PRO\iptv_nav\files\Manuales\Refining Auto-Classification Logic.md"
"2026-01-05 21:58:09","119615","C:\Users\HFRC\Desktop\IPTV_Navigator_PRO\iptv_nav\files\Manuales\Fixing AUTO Resolution Classification.md"
"2026-01-05 23:00:33","130550388","C:\Users\HFRC\Desktop\IPTV_Navigator_PRO\iptv_nav\files\Manuales\APE_ULTIMATE_v9.0_20260106.m3u8"
"2026-01-06 07:07:42","1792204","C:\Users\HFRC\Desktop\IPTV_Navigator_PRO\iptv_nav\files\Manuales\IMG_5425.jpeg"
"2026-01-06 07:29:04","5609694","C:\Users\HFRC\Desktop\IPTV_Navigator_PRO\iptv_nav\files\Manuales\APE_ULTIMATE_v9.0_20260106.zip"
"2026-01-06 15:43:01","147198","C:\Users\HFRC\Desktop\IPTV_Navigator_PRO\iptv_nav\files\Manuales\Cloudflare R2 M3U8 Integration.md"
"2026-01-07 10:59:10","1690","C:\Users\HFRC\Desktop\IPTV_Navigator_PRO\iptv_nav\files\Manuales\Fixing Group Filtering Logic.md"
"2026-01-07 10:59:30","1284770","C:\Users\HFRC\Desktop\IPTV_Navigator_PRO\iptv_nav\files\Manuales\Fixing Group Name Display.md"
"2026-01-07 15:02:29","68784","C:\Users\HFRC\Desktop\IPTV_Navigator_PRO\iptv_nav\files\Manuales\Smart-Prefetch-Unified-Architecture (1).md"
"2026-01-07 15:02:32","15102","C:\Users\HFRC\Desktop\IPTV_Navigator_PRO\iptv_nav\files\Manuales\IMPLEMENTACION_ABR_ULTRA_AGGRESSIVE (1).md"
"2026-01-07 15:02:36","17308","C:\Users\HFRC\Desktop\IPTV_Navigator_PRO\iptv_nav\files\Manuales\CONFIG_PREFETCH_DINAMICO_PARALELO (1).md"
"2026-01-07 15:02:38","40131","C:\Users\HFRC\Desktop\IPTV_Navigator_PRO\iptv_nav\files\Manuales\APE-Prefetch-Whitepaper (1).md"
"2026-01-07 20:38:10","12661","C:\Users\HFRC\Desktop\IPTV_Navigator_PRO\iptv_nav\files\Manuales\Prompt_407_Proxy_v2.md"
"2026-01-07 20:42:18","968082","C:\Users\HFRC\Desktop\IPTV_Navigator_PRO\iptv_nav\files\Manuales\generated-image (10).png"
"2026-01-07 20:43:35","37055","C:\Users\HFRC\Desktop\IPTV_Navigator_PRO\iptv_nav\files\Manuales\Testing_Suite_Auto.md"
"2026-01-07 20:43:40","29927","C:\Users\HFRC\Desktop\IPTV_Navigator_PRO\iptv_nav\files\Manuales\Quick_Testing_Scripts.md"
"2026-01-07 20:46:43","37055","C:\Users\HFRC\Desktop\IPTV_Navigator_PRO\iptv_nav\files\Manuales\Testing_Suite_Auto (1).md"
"2026-01-07 20:46:47","29927","C:\Users\HFRC\Desktop\IPTV_Navigator_PRO\iptv_nav\files\Manuales\Quick_Testing_Scripts (1).md"
"2026-01-08 11:06:01","6930","C:\Users\HFRC\Desktop\IPTV_Navigator_PRO\iptv_nav\files\Manuales\IMPLEMENTACION_KV_GUIA_COMPLETA.md"
"2026-01-08 11:06:05","3354","C:\Users\HFRC\Desktop\IPTV_Navigator_PRO\iptv_nav\files\Manuales\cloudflare_kv_architecture.md"
"2026-01-08 11:06:09","1446","C:\Users\HFRC\Desktop\IPTV_Navigator_PRO\iptv_nav\files\Manuales\step1_create_kv_namespace.sh"
"2026-01-08 11:06:22","5200","C:\Users\HFRC\Desktop\IPTV_Navigator_PRO\iptv_nav\files\Manuales\wrangler.toml"
"2026-01-08 11:06:22","17462","C:\Users\HFRC\Desktop\IPTV_Navigator_PRO\iptv_nav\files\Manuales\worker_kv_hybrid.js"
"2026-01-08 11:06:25","11646","C:\Users\HFRC\Desktop\IPTV_Navigator_PRO\iptv_nav\files\Manuales\step4_warmup_kv.js"
"2026-01-08 11:21:59","6766","C:\Users\HFRC\Desktop\IPTV_Navigator_PRO\iptv_nav\files\Manuales\PASOS_CORRECCION_DEPLOYMENT.md"
"2026-01-08 11:22:07","3261","C:\Users\HFRC\Desktop\IPTV_Navigator_PRO\iptv_nav\files\Manuales\wrangler_toml_CORRECTED.toml"
"2026-01-08 11:22:17","16458","C:\Users\HFRC\Desktop\IPTV_Navigator_PRO\iptv_nav\files\Manuales\src_index_js_CORRECTED.js"
"2026-01-08 11:40:15","852471","C:\Users\HFRC\Desktop\IPTV_Navigator_PRO\iptv_nav\files\Manuales\generated-image (12).png"
"2026-01-08 11:42:37","10440","C:\Users\HFRC\Desktop\IPTV_Navigator_PRO\iptv_nav\files\Manuales\RESUMEN_ARCHIVOS_GENERADOS.md"
"2026-01-08 11:42:41","7723","C:\Users\HFRC\Desktop\IPTV_Navigator_PRO\iptv_nav\files\Manuales\PASOS_CORRECCION_DEPLOYMENT (1).md"
"2026-01-08 11:42:55","7723","C:\Users\HFRC\Desktop\IPTV_Navigator_PRO\iptv_nav\files\Manuales\PASOS_CORRECCION_DEPLOYMENT (2).md"
"2026-01-08 11:43:00","11646","C:\Users\HFRC\Desktop\IPTV_Navigator_PRO\iptv_nav\files\Manuales\step4_warmup_kv (1).js"
"2026-01-08 11:43:03","6930","C:\Users\HFRC\Desktop\IPTV_Navigator_PRO\iptv_nav\files\Manuales\IMPLEMENTACION_KV_GUIA_COMPLETA (1).md"
"2026-01-08 11:43:08","3354","C:\Users\HFRC\Desktop\IPTV_Navigator_PRO\iptv_nav\files\Manuales\cloudflare_kv_architecture (1).md"
"2026-01-08 11:43:11","10440","C:\Users\HFRC\Desktop\IPTV_Navigator_PRO\iptv_nav\files\Manuales\RESUMEN_ARCHIVOS_GENERADOS (1).md"
"2026-01-08 11:43:16","10832","C:\Users\HFRC\Desktop\IPTV_Navigator_PRO\iptv_nav\files\Manuales\REPORTE_VERIFICACION_POST_DEPLOYMENT.md"
"2026-01-08 11:43:22","8636","C:\Users\HFRC\Desktop\IPTV_Navigator_PRO\iptv_nav\files\Manuales\COMPARACION_WORKER_VERSIONS.md"
"2026-01-08 11:43:26","7723","C:\Users\HFRC\Desktop\IPTV_Navigator_PRO\iptv_nav\files\Manuales\PASOS_CORRECCION_DEPLOYMENT (3).md"
"2026-01-08 11:43:36","2553","C:\Users\HFRC\Desktop\IPTV_Navigator_PRO\iptv_nav\files\Manuales\wrangler_toml_CORRECTED (1).toml"
"2026-01-08 11:43:39","17650","C:\Users\HFRC\Desktop\IPTV_Navigator_PRO\iptv_nav\files\Manuales\src_index_js_CORRECTED (1).js"
"2026-01-08 23:22:18","211843","C:\Users\HFRC\Desktop\IPTV_Navigator_PRO\iptv_nav\files\Manuales\ape_redirect_flow.png"
"2026-01-08 23:25:31","5431","C:\Users\HFRC\Desktop\IPTV_Navigator_PRO\iptv_nav\files\Manuales\CLOUDFLARE_DEPLOY_GUIDE.md"
"2026-01-08 23:25:34","5784","C:\Users\HFRC\Desktop\IPTV_Navigator_PRO\iptv_nav\files\Manuales\APE_v15.1_IMPLEMENTATION_CHECKLIST.md"
"2026-01-08 23:25:44","1689519","C:\Users\HFRC\Desktop\IPTV_Navigator_PRO\iptv_nav\files\Manuales\paste.txt (1).pdf"
"2026-01-08 23:28:07","4556","C:\Users\HFRC\Desktop\IPTV_Navigator_PRO\iptv_nav\files\Manuales\APE_v15.1_DEPLOY_FINAL.md"
"2026-01-08 23:38:48","902438","C:\Users\HFRC\Desktop\IPTV_Navigator_PRO\iptv_nav\files\Manuales\APE v15.1 Cloudflare Redirect.md"
"2026-01-08 23:59:00","933089","C:\Users\HFRC\Desktop\IPTV_Navigator_PRO\iptv_nav\files\Manuales\APE v15.1 Cloudflare Deployment.md"
"2026-01-09 00:19:50","966692","C:\Users\HFRC\Desktop\IPTV_Navigator_PRO\iptv_nav\files\Manuales\Gateway Auto-Redirect Upload.md"
"2026-01-09 01:08:46","17754555","C:\Users\HFRC\Desktop\IPTV_Navigator_PRO\iptv_nav\files\Manuales\APE_ULTIMATE_v9.0_20260109.m3u8"
"2026-01-09 01:41:36","465050","C:\Users\HFRC\Desktop\IPTV_Navigator_PRO\iptv_nav\files\Manuales\M3U8 Transform Fix 1.0.pdf"
"2026-01-09 01:41:42","496758","C:\Users\HFRC\Desktop\IPTV_Navigator_PRO\iptv_nav\files\Manuales\M3U8 Transform Implementation Guide.pdf"
"2026-01-09 01:56:17","419623","C:\Users\HFRC\Desktop\IPTV_Navigator_PRO\iptv_nav\files\Manuales\M3U8 Redirection Flow Check.md"
"2026-01-09 02:08:32","89256","C:\Users\HFRC\Desktop\IPTV_Navigator_PRO\iptv_nav\files\Manuales\index.js.FIXED"
"2026-01-09 02:08:39","59727","C:\Users\HFRC\Desktop\IPTV_Navigator_PRO\iptv_nav\files\Manuales\cf_worker_FIXED.zip"
"2026-01-09 02:08:44","6366","C:\Users\HFRC\Desktop\IPTV_Navigator_PRO\iptv_nav\files\Manuales\DEPLOYMENT_GUIDE.md"
"2026-01-10 11:28:49","23433","C:\Users\HFRC\Desktop\IPTV_Navigator_PRO\iptv_nav\files\Manuales\IPTV_Navigator_PRO_R2_M3U8_FINAL.zip"
"2026-01-10 13:33:28","26118","C:\Users\HFRC\Desktop\IPTV_Navigator_PRO\iptv_nav\files\Manuales\IPTV_Navigator_PRO_R2_M3U8_FINAL\IPTV_Navigator_PRO_R2_M3U8_FINAL\cf_worker\ape-redirect-api-m3u8-native.js"
"2026-01-10 13:33:28","26118","C:\Users\HFRC\Desktop\IPTV_Navigator_PRO\iptv_nav\files\Manuales\R2_EXTRACTED\IPTV_Navigator_PRO_R2_M3U8_FINAL\cf_worker\ape-redirect-api-m3u8-native.js"
"2026-01-10 13:33:30","14013","C:\Users\HFRC\Desktop\IPTV_Navigator_PRO\iptv_nav\files\Manuales\R2_EXTRACTED\IPTV_Navigator_PRO_R2_M3U8_FINAL\deploy\cloudflare_deploy_complete.sh"
"2026-01-10 13:33:30","1453","C:\Users\HFRC\Desktop\IPTV_Navigator_PRO\iptv_nav\files\Manuales\R2_EXTRACTED\IPTV_Navigator_PRO_R2_M3U8_FINAL\cf_worker\wrangler.toml"
"2026-01-10 13:33:30","1453","C:\Users\HFRC\Desktop\IPTV_Navigator_PRO\iptv_nav\files\Manuales\IPTV_Navigator_PRO_R2_M3U8_FINAL\IPTV_Navigator_PRO_R2_M3U8_FINAL\cf_worker\wrangler.toml"
"2026-01-10 13:33:30","12960","C:\Users\HFRC\Desktop\IPTV_Navigator_PRO\iptv_nav\files\Manuales\R2_EXTRACTED\IPTV_Navigator_PRO_R2_M3U8_FINAL\tests\test_m3u8_native.sh"
"2026-01-10 13:33:30","9451","C:\Users\HFRC\Desktop\IPTV_Navigator_PRO\iptv_nav\files\Manuales\IPTV_Navigator_PRO_R2_M3U8_FINAL\IPTV_Navigator_PRO_R2_M3U8_FINAL\tools\upload_m3u8_to_r2.sh"
"2026-01-10 13:33:30","14013","C:\Users\HFRC\Desktop\IPTV_Navigator_PRO\iptv_nav\files\Manuales\IPTV_Navigator_PRO_R2_M3U8_FINAL\IPTV_Navigator_PRO_R2_M3U8_FINAL\deploy\cloudflare_deploy_complete.sh"
"2026-01-10 13:33:30","14932","C:\Users\HFRC\Desktop\IPTV_Navigator_PRO\iptv_nav\files\Manuales\IPTV_Navigator_PRO_R2_M3U8_FINAL\IPTV_Navigator_PRO_R2_M3U8_FINAL\iptv_nav\app-cloudflare-adapter-m3u8.js"
"2026-01-10 13:33:30","12960","C:\Users\HFRC\Desktop\IPTV_Navigator_PRO\iptv_nav\files\Manuales\IPTV_Navigator_PRO_R2_M3U8_FINAL\IPTV_Navigator_PRO_R2_M3U8_FINAL\tests\test_m3u8_native.sh"
"2026-01-10 13:33:30","14932","C:\Users\HFRC\Desktop\IPTV_Navigator_PRO\iptv_nav\files\Manuales\R2_EXTRACTED\IPTV_Navigator_PRO_R2_M3U8_FINAL\iptv_nav\app-cloudflare-adapter-m3u8.js"
"2026-01-10 13:33:30","9451","C:\Users\HFRC\Desktop\IPTV_Navigator_PRO\iptv_nav\files\Manuales\R2_EXTRACTED\IPTV_Navigator_PRO_R2_M3U8_FINAL\tools\upload_m3u8_to_r2.sh"
"2026-01-10 13:33:32","1410","C:\Users\HFRC\Desktop\IPTV_Navigator_PRO\iptv_nav\files\Manuales\R2_EXTRACTED\IPTV_Navigator_PRO_R2_M3U8_FINAL\docs\QUICK_START.md"
"2026-01-10 13:33:32","11171","C:\Users\HFRC\Desktop\IPTV_Navigator_PRO\iptv_nav\files\Manuales\IPTV_Navigator_PRO_R2_M3U8_FINAL\IPTV_Navigator_PRO_R2_M3U8_FINAL\README.md"
"2026-01-10 13:33:32","1410","C:\Users\HFRC\Desktop\IPTV_Navigator_PRO\iptv_nav\files\Manuales\IPTV_Navigator_PRO_R2_M3U8_FINAL\IPTV_Navigator_PRO_R2_M3U8_FINAL\docs\QUICK_START.md"
"2026-01-10 13:33:32","11171","C:\Users\HFRC\Desktop\IPTV_Navigator_PRO\iptv_nav\files\Manuales\R2_EXTRACTED\IPTV_Navigator_PRO_R2_M3U8_FINAL\README.md"
"2026-01-10 16:59:42","7354","C:\Users\HFRC\Desktop\IPTV_Navigator_PRO\iptv_nav\files\Manuales\DIAGNOSTICO_WORKER_REDIRECT_302.md"
"2026-01-10 16:59:42","7354","C:\Users\HFRC\Desktop\IPTV_Navigator_PRO\iptv_nav\files\Manuales\DIAGNOSTICO_WORKER_REDIRECT_302 - copia.md"
"2026-01-10 17:08:32","15038","C:\Users\HFRC\Desktop\IPTV_Navigator_PRO\iptv_nav\files\Manuales\GUIA_MEJORA_TOKENS - copia.md"
"2026-01-10 17:08:36","9856","C:\Users\HFRC\Desktop\IPTV_Navigator_PRO\iptv_nav\files\Manuales\TEST_REDIRECT_302_RESULTS - copia.md"
"2026-01-10 18:40:02","12342446","C:\Users\HFRC\Desktop\IPTV_Navigator_PRO\iptv_nav\files\Manuales\APE_PLAYLIST_2026-01-10 - copia.m3u8"
"2026-01-10 20:01:50","1104293","C:\Users\HFRC\Desktop\IPTV_Navigator_PRO\iptv_nav\files\Manuales\generated-image (13).png"
"2026-01-10 20:01:50","1104293","C:\Users\HFRC\Desktop\IPTV_Navigator_PRO\iptv_nav\files\Manuales\generated-image (13) - copia.png"
"2026-01-10 20:04:51","894049","C:\Users\HFRC\Desktop\IPTV_Navigator_PRO\iptv_nav\files\Manuales\generated-image (14) - copia.png"
"2026-01-10 20:04:51","894049","C:\Users\HFRC\Desktop\IPTV_Navigator_PRO\iptv_nav\files\Manuales\generated-image (14).png"
"2026-01-10 20:10:44","25333","C:\Users\HFRC\Desktop\IPTV_Navigator_PRO\iptv_nav\files\Manuales\R2_MPU_Implementation - copia.md"
"2026-01-10 20:10:44","25333","C:\Users\HFRC\Desktop\IPTV_Navigator_PRO\iptv_nav\files\Manuales\R2_MPU_Implementation.md"
"2026-01-10 22:02:24","238018","C:\Users\HFRC\Desktop\IPTV_Navigator_PRO\iptv_nav\files\Manuales\Refactor Cloudflare Worker - copia.md"
"2026-01-10 22:02:24","238018","C:\Users\HFRC\Desktop\IPTV_Navigator_PRO\iptv_nav\files\Manuales\Refactor Cloudflare Worker.md"
"2026-01-10 22:59:58","251923","C:\Users\HFRC\Desktop\IPTV_Navigator_PRO\iptv_nav\files\Manuales\Worker Security Verification - copia.md"
"2026-01-10 22:59:58","251923","C:\Users\HFRC\Desktop\IPTV_Navigator_PRO\iptv_nav\files\Manuales\Worker Security Verification.md"
"2026-01-11 09:42:40","28156","C:\Users\HFRC\Desktop\IPTV_Navigator_PRO\iptv_nav\files\Manuales\speed_optimizer.py"
"2026-01-11 09:42:40","28156","C:\Users\HFRC\Desktop\IPTV_Navigator_PRO\iptv_nav\files\Manuales\speed_optimizer - copia.py"
"2026-01-11 11:16:11","381","C:\Users\HFRC\Desktop\IPTV_Navigator_PRO\iptv_nav\files\Manuales\1768147917200FUW0-1 - copia.csv"
"2026-01-12 04:22:19","19320266","C:\Users\HFRC\Desktop\IPTV_Navigator_PRO\iptv_nav\files\Manuales\cursor_1_auditor_a_de_toolkit_e_integr.md"
"2026-01-12 04:22:19","19320266","C:\Users\HFRC\Desktop\IPTV_Navigator_PRO\iptv_nav\files\Manuales\cursor_1_auditor_a_de_toolkit_e_integr - copia.md"
"2026-01-12 12:42:07","23645869","C:\Users\HFRC\Desktop\IPTV_Navigator_PRO\iptv_nav\files\Manuales\cursor_1_auditor_a_de_toolkit_e_integr2 - copia.md"
"2026-01-12 12:42:07","23645869","C:\Users\HFRC\Desktop\IPTV_Navigator_PRO\iptv_nav\files\Manuales\cursor_1_auditor_a_de_toolkit_e_integr2.md"
"2026-01-12 18:45:27","40701673","C:\Users\HFRC\Desktop\IPTV_Navigator_PRO\iptv_nav\files\Manuales\APE_ULTIMATE_v9.0_20260112.m3u8"
"2026-01-12 21:26:32","19400","C:\Users\HFRC\Desktop\IPTV_Navigator_PRO\iptv_nav\files\Manuales\cursor_auditor_a_de_toolkit_e_integraci3.md"
"2026-01-12 21:26:50","36509146","C:\Users\HFRC\Desktop\IPTV_Navigator_PRO\iptv_nav\files\Manuales\cursor_1_auditor_a_de_toolkit_e_integr4.md"
"2026-01-12 21:27:09","17972","C:\Users\HFRC\Desktop\IPTV_Navigator_PRO\iptv_nav\files\Manuales\cursor_autocompletado_en_campo_de_b_squ5.md"
"2026-01-14 15:03:56","567596","C:\Users\HFRC\Desktop\IPTV_Navigator_PRO\iptv_nav\files\Manuales\cursor_funcionalidad_de_la_pesta_a_cone5.md"
"2026-01-14 15:04:16","20404097","C:\Users\HFRC\Desktop\IPTV_Navigator_PRO\iptv_nav\files\Manuales\cursor_1_auditor_a_de_toolkit_e_integr6.md"
"2026-01-14 15:12:34","24956","C:\Users\HFRC\Desktop\IPTV_Navigator_PRO\iptv_nav\files\Manuales\cursor_diagn_stico_de_error_oom_en_curs.md"
"2026-01-14 16:25:02","326381","C:\Users\HFRC\Desktop\IPTV_Navigator_PRO\iptv_nav\files\Manuales\cursor_diagn_stico_de_error_oom_en_curs2.md"
"2026-01-14 16:42:43","24325","C:\Users\HFRC\Desktop\IPTV_Navigator_PRO\iptv_nav\files\Manuales\NFORMACION TECNICA SUBIDA INFORMACION IMPORTANTE.txt"
"2026-01-14 17:32:44","388130","C:\Users\HFRC\Desktop\IPTV_Navigator_PRO\iptv_nav\files\Manuales\cursor_diagn_stico_de_error_oom_en_curs3.md"
